,Word,times_used_hrc,times_used_dt
0,rt,728,171
1,for,723,551
2,trump,631,205
3,we,522,322
4,you,426,587
5,our,393,203
6,donald,374,38
7,hillary,297,348
8,not,266,191
9,his,254,98
10,he,236,195
11,it,232,217
12,as,200,139
13,make,196,171
14,can,193,85
15,what,189,92
16,i,187,761
17,your,186,110
18,just,169,201
19,one,158,79
20,all,155,200
21,if,152,98
22,people,144,161
23,president,142,67
24,when,132,82
25,her,131,143
26,do,129,89
27,trump's,127,15
28,should,125,70
29,more,124,109
30,than,120,69
31,no,119,130
32,their,117,64
33,my,116,231
34,"""i",114,4
35,an,114,80
36,she,109,167
37,america,106,164
38,would,105,94
39,how,104,77
40,every,102,19
41,like,102,99
42,or,99,65
43,get,99,147
44,need,97,35
45,but,96,105
46,us,96,55
47,up,96,74
48,out,94,155
49,clinton,94,179
50,going,93,93
51,american,90,52
52,it's,87,30
53,tax,81,22
54,they,81,154
55,first,78,34
56,time,78,74
57,women,77,27
58,know,75,36
59,never,75,94
60,plan,75,8
61,#debatenight,74,7
62,last,72,79
63,want,72,65
64,help,71,14
65,families,71,11
66,only,70,89
67,sure,69,9
68,good,68,46
69,country,68,53
70,hillary's,67,21
71,americans,67,18
72,vote,66,104
73,right,66,22
74,work,65,15
75,@hillaryclinton,64,18
76,been,63,84
77,got,63,43
78,why,62,62
79,campaign,62,42
80,take,62,32
81,pence,61,13
82,election,60,20
83,live,60,25
84,go,59,61
85,years,59,27
86,because,58,48
87,"""we",58,3
88,most,57,28
89,new,57,146
90,believe,56,43
91,let's,56,13
92,other,55,45
93,watch,55,40
94,pay,55,13
95,you're,55,9
96,now,55,98
97,see,55,66
98,me,54,202
99,back,54,65
100,great,54,402
101,many,54,95
102,it‚Äôs,53,6
103,next,53,17
104,mike,52,13
105,things,52,26
106,#debate,51,39
107,candidate,51,26
108,say,51,29
109,those,50,17
110,proud,49,25
111,each,49,3
112,can't,49,45
113,let,48,31
114,much,48,61
115,best,48,23
116,own,47,10
117,says,47,36
118,could,47,22
119,we're,46,4
120,man,46,17
121,ever,46,40
122,wants,46,37
123,,46,259
124,"""hillary",45,4
125,too,45,18
126,we‚Äôre,44,3
127,him,44,37
128,president.,44,11
129,against,44,61
130,still,44,15
131,always,43,22
132,white,43,11
133,everyone,43,31
134,#vpdebate,43,16
135,give,43,16
136,economy,43,13
137,united,42,19
138,don't,42,65
139,there,42,39
140,way,42,38
141,fight,42,23
142,working,42,18
143,made,41,45
144,millions,41,32
145,#rncincle,41,11
146,trump.,41,17
147,college,41,1
148,million,41,29
149,woman,40,12
150,day,40,34
151,said,40,68
152,it.,40,16
153,where,40,31
154,health,39,6
155,he's,39,11
156,real,39,17
157,doesn't,38,25
158,join,38,133
159,running,38,19
160,here's,38,2
161,into,38,28
162,here,38,15
163,stand,37,14
164,making,37,23
165,trump‚Äôs,37,2
166,love,37,52
167,debate,36,32
168,days,36,10
169,even,36,53
170,put,36,29
171,@timkaine,36,4
172,them,36,40
173,any,35,16
174,better,35,20
175,some,35,15
176,he‚Äôs,34,1
177,@realdonaldtrump,34,258
178,don‚Äôt,34,5
179,"""the",34,10
180,gun,34,4
181,stronger,34,3
182,had,34,72
183,life,34,5
184,doesn‚Äôt,34,5
185,that's,33,13
186,thing,33,9
187,thank,33,506
188,win,33,46
189,can‚Äôt,33,4
190,were,32,45
191,family,32,12
192,really,32,48
193,support,32,42
194,deserve,31,2
195,build,31,9
196,anyone,31,14
197,think,31,29
198,care,31,15
199,matter,31,4
200,world,31,24
201,choice,31,9
202,everything,30,11
203,national,30,33
204,"you,",30,32
205,presidential,30,36
206,fighting,29,13
207,over,29,52
208,keep,29,28
209,someone,29,8
210,before,29,13
211,these,29,18
212,voting,29,18
213,young,29,3
214,kind,28,4
215,"""she",28,2
216,la,28,4
217,stop,28,28
218,economic,28,11
219,ready,28,9
220,come,27,20
221,public,27,6
222,business,27,9
223,"trump,",27,11
224,child,27,2
225,student,26,1
226,@potus,26,1
227,today,26,53
228,hard,26,21
229,show,26,40
230,tell,26,8
231,look,26,51
232,did,26,48
233,together,26,20
234,let‚Äôs,26,1
235,person,26,24
236,jobs,26,46
237,future,26,8
238,‚Äîdonald,25,1
239,https://‚Ä¶,25,3
240,trail,25,2
241,foreign,25,19
242,black,25,2
243,while,25,30
244,"america,",25,2
245,down,25,24
246,taxes,25,11
247,makes,25,8
248,obama,25,56
249,words,24,9
250,something,24,6
251,knows,24,13
252,big,24,113
253,https:‚Ä¶,24,2
254,part,24,5
255,two,24,29
256,very,24,147
257,after,24,39
258,am,24,121
259,job,23,51
260,republican,23,64
261,us.,23,3
262,"""if",23,1
263,hillary‚Äôs,23,5
264,share,23,5
265,policy,23,15
266,run,23,30
267,clear,23,2
268,actually,23,6
269,lot,23,13
270,change,23,16
271,nuclear,23,4
272,happy,23,15
273,tune,23,11
274,"""you",22,2
275,already,22,11
276,must,22,41
277,spent,22,20
278,same,22,20
279,paid,22,11
280,rights,22,4
281,elect,22,4
282,america.,22,10
283,isn't,22,7
284,history,22,16
285,chance,22,8
286,gets,21,12
287,called,21,18
288,under,21,24
289,i‚Äôm,21,8
290,violence,21,3
291,long,21,9
292,may,21,10
293,here:,21,5
294,registered,21,6
295,born,21,5
296,does,21,23
297,between,21,9
298,important,20,8
299,https‚Ä¶,20,2
300,talk,20,21
301,african,20,1
302,left,20,12
303,together.,20,4
304,afford,20,2
305,justice,20,7
306,since,20,15
307,you.,20,26
308,doing,20,35
309,stage,20,5
310,its,20,11
311,nothing,19,32
312,we've,19,2
313,republicans,19,6
314,talking,19,13
315,took,19,12
316,almost,19,13
317,families.,19,2
318,defend,19,5
319,find,19,7
320,through,19,4
321,needs,19,13
322,u.s.,19,37
323,lost,19,23
324,"together,",19,17
325,lives,19,5
326,cannot,19,16
327,country.,19,15
328,become,19,13
329,less,19,10
330,small,19,10
331,fix,19,19
332,wrong,19,9
333,respect,18,12
334,follow,18,2
335,trust,18,3
336,serve,18,5
337,"president,",18,9
338,cut,18,5
339,talks,18,7
340,police,18,14
341,meet,18,11
342,both,18,21
343,ask,18,6
344,"""donald",18,5
345,heard,18,6
346,she‚Äôs,18,2
347,off,18,28
348,policies,18,12
349,until,18,13
350,wall,17,28
351,looks,17,20
352,without,17,15
353,party,17,21
354,place,17,10
355,qualified,17,2
356,she's,17,11
357,living,17,2
358,save,17,13
359,tonight's,17,6
360,across,17,6
361,state,17,41
362,able,17,7
363,isn‚Äôt,17,2
364,won,17,40
365,endorsed,17,17
366,3,17,7
367,unfit,17,7
368,strong,17,18
369,speak,17,7
370,another,17,35
371,law,17,23
372,.@hillaryclinton,17,18
373,start,17,6
374,also,17,13
375,being,17,37
376,them.,17,10
377,i'm,17,26
378,whether,16,2
379,that‚Äôs,16,7
380,getting,16,24
381,vice,16,6
382,people.,16,14
383,political,16,9
384,hear,16,14
385,"""this",16,2
386,immigration,16,15
387,raise,16,3
388,children,16,4
389,money,16,25
390,now:,16,3
391,star,16,4
392,home,16,9
393,won't,16,13
394,early,16,8
395,trump:,16,4
396,message,16,11
397,year,16,4
398,war,16,3
399,night,16,34
400,away,16,9
401,told,16,13
402,standing,16,5
403,debt,16,3
404,today.,16,18
405,democratic,16,8
406,military,16,7
407,leader,15,5
408,calls,15,13
409,week,15,5
410,protect,15,15
411,create,15,8
412,nominee,15,7
413,energy,15,10
414,students,15,1
415,middle,15,7
416,there's,15,3
417,went,15,12
418,exactly,15,3
419,times,15,14
420,during,15,17
421,there‚Äôs,15,4
422,"tonight,",15,3
423,vp,15,6
424,face,15,5
425,register,15,7
426,plans,15,6
427,men,15,5
428,fair,15,8
429,listen,15,4
430,lead,14,10
431,once,14,12
432,income,14,1
433,won‚Äôt,14,2
434,company,14,3
435,free,14,6
436,works,14,1
437,taking,14,11
438,30,14,12
439,"today,",14,7
440,pretty,14,2
441,couldn't,14,4
442,heart,14,3
443,security,14,5
444,then,14,25
445,office,14,11
446,hillary.,14,16
447,women's,14,3
448,means,14,5
449,atlantic,14,4
450,states,14,16
451,thinks,14,6
452,veterans,14,7
453,lift,14,2
454,release,14,5
455,this.,13,2
456,turn,13,4
457,greatest,13,5
458,end,13,11
459,access,13,1
460,enough,13,4
461,lied,13,5
462,three,13,5
463,room,13,6
464,nation,13,6
465,close,13,17
466,clean,13,2
467,trying,13,13
468,read,13,10
469,debate.,13,10
470,americans.,13,1
471,campaign.,13,12
472,community,13,2
473,major,13,19
474,around,13,4
475,vision,13,2
476,call,13,18
477,hold,13,2
478,feel,12,6
479,"""in",12,3
480,far,12,23
481,federal,12,3
482,convention,12,22
483,america's,12,4
484,"say,",12,2
485,tim,12,6
486,attack,12,10
487,tweet,12,3
488,biggest,12,9
489,reform,12,3
490,oval,12,1
491,@realdonaldtrump's,12,4
492,single,12,3
493,decision,12,4
494,house,12,8
495,mental,12,2
496,minimum,12,1
497,again,12,20
498,speech,12,56
499,speaking,12,5
500,now.,12,15
501,education,12,5
502,himself,12,4
503,building,12,2
504,celebrate,12,1
505,nomination,12,5
506,guy,12,9
507,tonight.,12,12
508,https://t.‚Ä¶,12,4
509,vote.,12,4
510,hope,12,15
511,tonight,12,61
512,try,12,5
513,seen,12,10
514,saw,12,10
515,city,12,5
516,asked,12,10
517,"""i'm",11,1
518,world.,11,5
519,few,11,2
520,helping,11,1
521,totally,11,57
522,didn‚Äôt,11,1
523,"night,",11,4
524,https:/‚Ä¶,11,8
525,might,11,1
526,fear,11,1
527,mother,11,2
528,immigrants,11,3
529,too.,11,1
530,day.,11,10
531,tough,11,16
532,honor,11,19
533,election.,11,5
534,8,11,7
535,done,11,33
536,idea,11,1
537,20,11,2
538,bad,11,87
539,higher,11,1
540,100,11,2
541,endorses,11,2
542,comes,11,2
543,reality,11,2
544,isis,11,26
545,voice,11,1
546,we'll,11,1
547,whole,11,6
548,imagine,11,2
549,november,11,11
550,they're,11,5
551,‚Äúthe,11,2
552,ways,11,2
553,leave,11,5
554,service,11,6
555,today's,11,8
556,foundation,11,6
557,stay,10,4
558,who's,10,1
559,latinos,10,1
560,night's,10,1
561,"back,",10,1
562,"women,",10,5
563,questions,10,9
564,birthday,10,4
565,endorsing,10,5
566,https://t.c‚Ä¶,10,2
567,"day,",10,5
568,‚Äî,10,2
569,entire,10,7
570,built,10,2
571,represent,10,5
572,little,10,29
573,grow,10,1
574,"ago,",10,4
575,do.,10,5
576,voters,10,17
577,aren't,10,3
578,"up,",10,1
579,friends,10,7
580,house.,10,1
581,values,10,2
582,barack,10,3
583,else,10,7
584,you've,10,2
585,didn't,10,28
586,"americans,",10,2
587,problem,10,6
588,bring,10,27
589,racist,10,3
590,race,10,7
591,send,10,2
592,what's,10,3
593,all.,10,4
594,experience,10,1
595,former,10,10
596,believes,10,2
597,sign,10,3
598,team,10,10
599,rich,10,3
600,showed,10,4
601,looking,10,31
602,four,10,19
603,record,9,18
604,i've,9,5
605,afraid,9,2
606,use,9,12
607,issues,9,3
608,back.,9,6
609,ht‚Ä¶,9,2
610,"people,",9,5
611,rate,9,3
612,https://t.co/‚Ä¶,9,1
613,returns,9,5
614,shouldn't,9,3
615,.@timkaine,9,5
616,judge,9,3
617,"""a",9,6
618,gop,9,23
619,hate,9,2
620,@hillaryclinton.,9,2
621,latest,9,2
622,.@realdonaldtrump,9,15
623,nobody,9,18
624,criminal,9,5
625,"""trump",9,5
626,opponent,9,1
627,moment,9,1
628,common,9,11
629,playing,9,6
630,difference,9,5
631,facing,9,2
632,history.,9,3
633,different,9,5
634,behind,9,10
635,profits,9,1
636,fact:,9,1
637,lose,9,10
638,powerful,9,1
639,florida,9,27
640,becomes,9,1
641,faith,9,2
642,toward,9,1
643,miss,9,7
644,committed,9,2
645,prove,9,3
646,grateful,9,2
647,states.,9,5
648,safe,9,31
649,las,9,7
650,daughter,9,2
651,decisions,9,3
652,expand,9,4
653,trumps,9,1
654,defeat,9,8
655,video,9,9
656,watch:,9,2
657,past,9,8
658,agree,9,10
659,alone,9,3
660,presidency,9,5
661,saying,9,27
662,better.,9,5
663,himself.,8,2
664,agree:,8,1
665,candidates,8,3
666,democrats,8,14
667,which,8,27
668,sit,8,2
669,women.,8,9
670,story,8,30
671,threat,8,4
672,5,8,6
673,hit,8,20
674,unqualified,8,1
675,senator,8,30
676,released,8,9
677,given,8,9
678,equality,8,1
679,stands,8,3
680,serious,8,4
681,check,8,10
682,top,8,11
683,congrats,8,2
684,economy.,8,3
685,president:,8,1
686,often,8,3
687,understand,8,1
688,family.,8,1
689,coming,8,17
690,stood,8,1
691,4,8,10
692,affordable,8,2
693,nearly,8,4
694,supporting,8,5
695,11,8,3
696,kaine,8,20
697,near,8,1
698,http‚Ä¶,8,1
699,willing,8,2
700,personal,8,4
701,answer,8,5
702,companies,8,3
703,today:,8,2
704,"again,",8,2
705,hits,8,3
706,such,8,22
707,...,8,4
708,wouldn't,8,6
709,"years,",8,5
710,terrible,8,16
711,tried,8,9
712,him.,8,8
713,editorial,8,4
714,violence.,8,2
715,friend,8,2
716,remember,8,17
717,global,8,2
718,you'll,8,1
719,comments,8,3
720,yet,8,22
721,secretary,8,6
722,refusing,8,1
723,"hillary,",8,9
724,$1,8,3
725,voted,8,17
726,voter,8,10
727,class,8,3
728,move,8,3
729,terrorists,8,4
730,set,8,9
731,understands,8,2
732,great.,8,7
733,"it,",8,9
734,full,8,8
735,leadership,8,12
736,isis.,8,5
737,"it.""",8,3
738,tear,8,2
739,senate,8,4
740,easy,8,2
741,brought,8,7
742,"this,",7,2
743,registration,7,5
744,unlike,7,2
745,rally,7,37
746,refuses,7,10
747,lower,7,4
748,"debate,",7,4
749,politics,7,7
750,highest,7,1
751,name,7,4
752,he'd,7,1
753,speaks,7,2
754,gave,7,20
755,social,7,4
756,news,7,28
757,especially,7,5
758,change.,7,6
759,street,7,13
760,commander-in-chief,7,3
761,add,7,1
762,"work,",7,1
763,home.,7,1
764,proposal,7,1
765,mate,7,2
766,t‚Ä¶,7,1
767,"says,",7,1
768,birther,7,1
769,giving,7,1
770,putting,7,5
771,forward,7,26
772,hate.,7,3
773,protecting,7,5
774,bill,7,30
775,treated,7,11
776,wage.,7,1
777,wages,7,3
778,benefits,7,1
779,insurance,7,3
780,solve,7,4
781,wonder,7,9
782,killed,7,15
783,everybody,7,11
784,finally,7,4
785,he'll,7,2
786,opportunity,7,1
787,path,7,5
788,america‚Äôs,7,1
789,is.,7,2
790,@hillaryclinton's,7,3
791,mean,7,1
792,here‚Äôs,7,1
793,whose,7,4
794,up.,7,7
795,north,7,32
796,well,7,18
797,career,7,1
798,hands,7,1
799,security.,7,4
800,lie,7,6
801,https://t.co‚Ä¶,7,1
802,listening,7,1
803,true,7,13
804,others.,7,2
805,worth,7,4
806,housing,7,1
807,ties,7,3
808,high,7,12
809,led,7,4
810,line,7,6
811,anything,7,13
812,fund,7,2
813,found,7,5
814,"great,",7,1
815,via,7,17
816,pick,7,10
817,@realdonaldtrump.,7,6
818,act,7,4
819,son,7,4
820,possible,7,5
821,came,7,9
822,incredible,6,10
823,h‚Ä¶,6,1
824,wage,6,1
825,platform,6,2
826,watching,6,24
827,thousands,6,12
828,supports,6,4
829,became,6,2
830,wrote,6,6
831,alicia,6,2
832,night.,6,15
833,leading,6,8
834,known,6,3
835,@berniesanders,6,2
836,obama‚Äôs,6,1
837,worst,6,20
838,everyone.,6,2
839,determine,6,1
840,reminder,6,2
841,picture,6,2
842,fought,6,1
843,spread,6,2
844,countries,6,5
845,wanted,6,5
846,celebrating,6,1
847,iowa,6,6
848,values.,6,1
849,including,6,7
850,calling,6,6
851,loved,6,4
852,hampshire,6,15
853,eliminate,6,1
854,"family,",6,3
855,members,6,3
856,out.,6,3
857,mark,6,3
858,clinton.,6,20
859,question,6,4
860,here.,6,4
861,died,6,1
862,"is,",6,5
863,side,6,1
864,"down,",6,3
865,10%,6,1
866,"me,",6,21
867,force,6,5
868,"friend,",6,2
869,signed,6,8
870,washington,6,17
871,cleveland,6,5
872,kick,6,2
873,based,6,4
874,speech.,6,11
875,started,6,10
876,products,6,1
877,ryan,6,6
878,used,6,17
879,probably,6,5
880,officers,6,14
881,reason,6,7
882,held,6,5
883,inspired,6,2
884,lies,6,16
885,half,6,1
886,she'll,6,2
887,con,6,1
888,"campaign,",6,7
889,word,6,10
890,officially,6,1
891,official,6,4
892,vs.,6,5
893,ballot,6,5
894,five,6,4
895,ohio,6,38
896,taken,6,13
897,2016,6,6
898,involved,6,3
899,pass,6,3
900,favorite,6,2
901,man.,6,1
902,along,6,6
903,proven,6,11
904,proved,6,1
905,union,6,1
906,trillion,6,2
907,financial,6,5
908,hurt,6,2
909,second,6,6
910,her.,6,4
911,incredibly,5,4
912,sick,5,3
913,fired,5,2
914,miami,5,4
915,joe,5,6
916,"us,",5,1
917,raising,5,3
918,twitter,5,9
919,"people.""",5,6
920,reasons,5,2
921,creating,5,2
922,unions,5,1
923,outstanding,5,1
924,cost,5,5
925,fallen,5,1
926,generation,5,1
927,communities,5,2
928,court,5,8
929,glad,5,2
930,@elizabethforma,5,3
931,list,5,2
932,invest,5,1
933,racism,5,1
934,legal,5,4
935,seems,5,4
936,peaceful,5,2
937,gives,5,4
938,endorsement,5,25
939,clinton‚Äôs,5,6
940,charge,5,3
941,nc,5,3
942,50,5,4
943,criticized,5,4
944,victory,5,9
945,guarantee,5,1
946,estate,5,1
947,school,5,1
948,created,5,8
949,paris,5,1
950,supreme,5,10
951,thought,5,5
952,"thanks,",5,2
953,beat,5,37
954,team.,5,1
955,allies,5,1
956,greater,5,2
957,extreme,5,2
958,others,5,13
959,gay,5,2
960,meeting,5,25
961,"election,",5,2
962,case,5,9
963,courage,5,2
964,statement,5,12
965,movement,5,26
966,fall,5,1
967,dollar,5,1
968,general,5,15
969,deep,5,1
970,served,5,1
971,declared,5,1
972,shot,5,8
973,potential,5,4
974,16,5,5
975,17,5,3
976,girl,5,1
977,democrat,5,6
978,deal,5,23
979,mexico,5,13
980,"now,",5,8
981,ban,5,1
982,what‚Äôs,5,3
983,down.,5,5
984,the‚Ä¶,5,1
985,supporters,5,31
986,right.,5,5
987,stakes,5,1
988,conduct,5,1
989,wish,5,3
990,quality,5,2
991,completely,5,3
992,time.,5,4
993,hurricane,5,2
994,temperament,5,5
995,game,5,7
996,march,5,5
997,rights.,5,1
998,feels,5,1
999,khan,5,1
1000,ahead,5,6
1001,--,5,24
1002,happening,5,8
1003,thinking,5,4
1004,cares,5,3
1005,elected,5,3
1006,truly,5,15
1007,shows,5,24
1008,future.,5,2
1009,bankrupt,5,1
1010,"you.""",5,1
1011,welcome,5,3
1012,same.,5,2
1013,board,5,3
1014,thanks,5,12
1015,"plans,",5,1
1016,nasty,5,8
1017,john,5,20
1018,americans',5,1
1019,reckless,5,1
1020,insulting,5,1
1021,steel,5,4
1022,perfect,5,2
1023,charity,5,2
1024,mexican,5,2
1025,hours,5,4
1026,"campaign.""",5,2
1027,rest,5,6
1028,putin,5,6
1029,drive,5,2
1030,russia,5,10
1031,year.,5,3
1032,"year,",5,2
1033,@gop,5,2
1034,taxes.,5,3
1035,"said,",5,3
1036,bringing,5,4
1037,promise,4,1
1038,press,4,17
1039,difficult,4,1
1040,decent,4,2
1041,walk,4,3
1042,deny,4,1
1043,picked,4,3
1044,conversation,4,3
1045,instead,4,8
1046,@potus's,4,1
1047,pushing,4,12
1048,you'd,4,1
1049,problems,4,5
1050,hasn't,4,3
1051,couldn‚Äôt,4,1
1052,behavior,4,1
1053,pa,4,3
1054,days.,4,1
1055,sold,4,3
1056,goes,4,2
1057,hotel,4,4
1058,bigger,4,3
1059,@timkaine's,4,1
1060,know.,4,2
1061,"debates,",4,1
1062,chinese,4,1
1063,strongly,4,5
1064,accepted,4,2
1065,actions,4,3
1066,changing,4,3
1067,hands.,4,2
1068,mate.,4,2
1069,huge,4,2
1070,denied,4,1
1071,advantage,4,2
1072,leads,4,5
1073,head,4,6
1074,efforts,4,3
1075,attacks,4,8
1076,catch,4,1
1077,"poverty,",4,4
1078,treats,4,1
1079,"her.""",4,2
1080,ran,4,7
1081,phone,4,1
1082,tv,4,9
1083,rise,4,2
1084,shooting,4,2
1085,pay-to-play,4,2
1086,introduced,4,1
1087,smart,4,16
1088,work.,4,3
1089,helped,4,4
1090,done.,4,5
1091,passing,4,1
1092,deliver,4,2
1093,you‚Äôve,4,1
1094,"families,",4,1
1095,labor,4,1
1096,president?,4,4
1097,safe.,4,3
1098,jobs.,4,11
1099,knock,4,5
1100,openly,4,1
1101,spend,4,6
1102,simply,4,1
1103,"country.""",4,2
1104,service.,4,1
1105,supposed,4,1
1106,least,4,12
1107,funding,4,6
1108,seeking,4,1
1109,nothing.,4,4
1110,nation's,4,1
1111,zero,4,17
1112,starting,4,5
1113,lifetime,4,2
1114,politicians,4,10
1115,offered,4,2
1116,reading,4,2
1117,seat,4,1
1118,morning,4,13
1119,"clinton,",4,12
1120,track,4,1
1121,10,4,4
1122,american.,4,3
1123,father,4,3
1124,for.,4,3
1125,states:,4,1
1126,"states,",4,3
1127,facts,4,4
1128,thoughts,4,12
1129,"debt,",4,2
1130,dog,4,1
1131,medical,4,1
1132,captain,4,2
1133,‚Äì,4,9
1134,historic,4,6
1135,dems,4,15
1136,harder,4,2
1137,admit,4,4
1138,htt‚Ä¶,4,5
1139,immigrant,4,1
1140,prayers,4,12
1141,earned,4,1
1142,clinton's,4,22
1143,university,4,7
1144,"muslims,",4,1
1145,returns.,4,1
1146,lying,4,10
1147,"everybody,",4,1
1148,dangerous.,4,1
1149,lawyers,4,1
1150,governor,4,26
1151,likes,4,2
1152,years.,4,8
1153,‚Äúit,4,1
1154,experienced,4,2
1155,7,4,4
1156,safety,4,3
1157,month,4,1
1158,central,4,1
1159,using,4,13
1160,blame,4,1
1161,"friends,",4,1
1162,price,4,1
1163,(and,4,9
1164,happen,4,9
1165,clue,4,1
1166,turns,4,5
1167,becoming,4,2
1168,months,4,5
1169,rnc,4,8
1170,attacked,4,6
1171,interests,4,8
1172,bank,4,1
1173,lifelong,4,1
1174,mayor,4,5
1175,order,4,15
1176,interview,4,24
1177,indiana,4,11
1178,vote!,4,16
1179,tickets,4,5
1180,again.,4,13
1181,details,4,2
1182,commitment,4,1
1183,gained,4,1
1184,passion,4,2
1185,government,4,10
1186,winning,4,14
1187,drug,4,4
1188,fact,4,12
1189,clearly,4,1
1190,owner,4,2
1191,david,4,5
1192,"that,",4,3
1193,nominated,4,2
1194,having,4,15
1195,victims,4,8
1196,seem,4,1
1197,preparing,4,2
1198,finish,4,1
1199,it?,4,2
1200,state.,4,6
1201,sent,4,4
1202,mass,4,2
1203,watched,4,17
1204,gone,4,7
1205,disabilities,4,1
1206,civil,4,4
1207,laws,4,2
1208,"not,",4,2
1209,turned,4,7
1210,ridiculous,4,3
1211,open,4,13
1212,course,4,5
1213,proves,4,2
1214,"so,",4,4
1215,citizens,4,2
1216,dollars,4,8
1217,losing,4,7
1218,lots,4,2
1219,needed,4,4
1220,"her,",4,2
1221,fit,4,4
1222,effective,4,2
1223,locker,4,2
1224,spoke,4,8
1225,horrific,3,4
1226,owe,3,2
1227,election:,3,2
1228,taxpayers,3,1
1229,largest,3,3
1230,unite,3,4
1231,candidate.,3,2
1232,b‚Ä¶,3,1
1233,agree.,3,2
1234,enough.,3,1
1235,4th,3,2
1236,support.,3,5
1237,york,3,16
1238,"8,",3,2
1239,8.,3,1
1240,"yesterday,",3,6
1241,"hard,",3,2
1242,trans,3,1
1243,anybody,3,5
1244,"vote.""",3,1
1245,king,3,3
1246,speaker,3,4
1247,assaulting,3,1
1248,mission,3,1
1249,worse,3,7
1250,"everyone,",3,1
1251,includes,3,2
1252,ok,3,1
1253,virginia,3,16
1254,promised,3,4
1255,"life,",3,1
1256,spirit,3,3
1257,"way,",3,2
1258,way.,3,1
1259,weapons,3,1
1260,need.,3,2
1261,falls,3,1
1262,nominating,3,1
1263,card:,3,1
1264,advice,3,2
1265,happened,3,10
1266,exclusive,3,4
1267,"wrong,",3,1
1268,wrong.,3,4
1269,.@timkaine's,3,1
1270,crisis,3,1
1271,1st,3,2
1272,true.,3,1
1273,orlando,3,6
1274,heart.,3,1
1275,devastating,3,1
1276,though,3,5
1277,final,3,11
1278,detroit,3,3
1279,badly,3,18
1280,tampa,3,4
1281,"military,",3,4
1282,hundreds,3,2
1283,leaders,3,5
1284,"""all",3,1
1285,enjoy,3,1
1286,"ever,",3,1
1287,‚Ä¶,3,3
1288,special,3,26
1289,minutes,3,1
1290,female,3,1
1291,success,3,2
1292,"trump.""",3,4
1293,claimed,3,3
1294,volunteer,3,1
1295,team:,3,1
1296,knowledge,3,1
1297,supporter,3,1
1298,supported,3,5
1299,south,3,40
1300,parties,3,1
1301,account,3,5
1302,freedom,3,2
1303,themselves,3,2
1304,help.,3,1
1305,critical,3,1
1306,reflects,3,1
1307,‚Äúdonald,3,1
1308,win.,3,9
1309,excited,3,1
1310,donate,3,1
1311,please,3,17
1312,majority,3,5
1313,easily,3,4
1314,at‚Ä¶,3,1
1315,late,3,1
1316,responsibility,3,1
1317,tweeting,3,5
1318,response,3,6
1319,des,3,1
1320,disastrous,3,5
1321,tribute,3,1
1322,forget,3,7
1323,wake,3,1
1324,wasn't,3,6
1325,broken,3,6
1326,theirs.,3,1
1327,"house.""",3,1
1328,movement.,3,4
1329,among,3,4
1330,according,3,3
1331,"trade,",3,7
1332,performance,3,4
1333,13,3,7
1334,"american,",3,1
1335,dealing,3,2
1336,talked,3,3
1337,round,3,1
1338,iraq.,3,2
1339,marks,3,1
1340,daily,3,1
1341,"for,",3,1
1342,super,3,8
1343,"""that's",3,1
1344,puts,3,3
1345,12,3,6
1346,"strong,",3,3
1347,mind,3,3
1348,‚Äúwhen,3,1
1349,begins,3,1
1350,turning,3,4
1351,week.,3,3
1352,weeks,3,3
1353,me.,3,46
1354,vast,3,4
1355,stories,3,5
1356,hosting,3,1
1357,goal:,3,1
1358,in.,3,5
1359,whatever,3,4
1360,mcconnell,3,1
1361,"kids,",3,1
1362,detail,3,1
1363,tens,3,3
1364,horrible,3,13
1365,winner,3,5
1366,attending,3,2
1367,changed,3,4
1368,front,3,7
1369,polling,3,6
1370,control,3,7
1371,telling,3,6
1372,kansas,3,4
1373,russia.,3,1
1374,outright,3,1
1375,showing,3,4
1376,conflict,3,1
1377,grand,3,3
1378,hired,3,2
1379,charlotte,3,4
1380,wonderful,3,31
1381,minutes.,3,2
1382,terrorist,3,8
1383,rigged,3,26
1384,decide,3,2
1385,pledged,3,2
1386,@speakerryan,3,2
1387,benefit,3,2
1388,gonna,3,3
1389,embrace,3,1
1390,husband,3,9
1391,friends.,3,1
1392,september,3,2
1393,online,3,3
1394,mr.,3,18
1395,offering,3,1
1396,mostly,3,2
1397,tomorrow,3,48
1398,honest,3,1
1399,discuss,3,6
1400,"no,",3,1
1401,write,3,6
1402,share.,3,1
1403,shared,3,2
1404,brave,3,1
1405,terror,3,7
1406,holding,3,1
1407,evidence,3,1
1408,newspapers,3,1
1409,columbus,3,1
1410,asking,3,4
1411,honored,3,16
1412,kept,3,1
1413,ago.,3,1
1414,mitch,3,1
1415,executive,3,4
1416,"real,",3,1
1417,strength,3,5
1418,praising,3,1
1419,enforcement,3,16
1420,ted,3,75
1421,"economy,",3,2
1422,affected,3,1
1423,above,3,2
1424,"in,",3,4
1425,monday,3,3
1426,places,3,3
1427,(or,3,2
1428,va,3,3
1429,louisiana,3,5
1430,"schools,",3,1
1431,et.,3,2
1432,handle,3,2
1433,defending,3,4
1434,"khan,",3,3
1435,system,3,18
1436,warren,3,10
1437,continues,3,6
1438,fighter,3,3
1439,continue,3,7
1440,"well,",3,4
1441,hitting,3,2
1442,knowing,3,1
1443,number,3,4
1444,information,3,3
1445,sense,3,4
1446,beautiful,3,9
1447,joined,3,3
1448,congress,3,2
1449,certain,3,3
1450,complete,3,4
1451,"man,",3,2
1452,job.,3,4
1453,destroy,3,10
1454,i‚Äôll,3,2
1455,22,3,1
1456,massive,3,29
1457,seriously,3,4
1458,loving,3,2
1459,push,3,2
1460,workers.,3,2
1461,congratulations,3,12
1462,old,3,6
1463,thing.,3,1
1464,disaster,3,11
1465,"them,",3,3
1466,lies.,3,3
1467,doors,3,4
1468,nation.,3,2
1469,"florida,",3,8
1470,cheating,3,2
1471,straight,3,2
1472,"election.""",2,1
1473,"primary,",2,1
1474,ed,2,1
1475,secret,2,12
1476,carried,2,1
1477,scared,2,2
1478,loses,2,1
1479,unity,2,2
1480,member,2,2
1481,apart.,2,1
1482,word.,2,2
1483,conflicts,2,2
1484,attend,2,1
1485,sweat,2,1
1486,six,2,1
1487,us:,2,3
1488,waiting,2,1
1489,"presidency.""",2,1
1490,alongside,2,1
1491,nice,2,21
1492,pres,2,4
1493,filed,2,1
1494,#debates,2,11
1495,away.,2,2
1496,sweep,2,1
1497,declare,2,1
1498,"opponents,",2,1
1499,succeed,2,1
1500,attention,2,1
1501,70,2,2
1502,added,2,1
1503,relationship,2,1
1504,passed,2,2
1505,"mexico,",2,4
1506,guess,2,1
1507,disabled,2,1
1508,breaking,2,3
1509,rather,2,6
1510,ann,2,2
1511,flag,2,3
1512,sticking,2,1
1513,tragedy,2,2
1514,anniversary,2,2
1515,ticket,2,1
1516,fat,2,1
1517,program,2,1
1518,wife,2,8
1519,"words,",2,3
1520,words.,2,2
1521,'the,2,1
1522,lets,2,19
1523,except,2,5
1524,possible.,2,2
1525,model,2,1
1526,relief,2,2
1527,pennsylvania,2,13
1528,driven,2,1
1529,"person,",2,1
1530,life.,2,3
1531,"""get",2,1
1532,review,2,2
1533,ignored,2,1
1534,hedge,2,1
1535,crime,2,9
1536,written,2,7
1537,"strength,",2,1
1538,releases,2,1
1539,george,2,3
1540,swing,2,2
1541,soon.,2,19
1542,ppl,2,1
1543,"policy,",2,2
1544,joins,2,1
1545,local,2,2
1546,"nra,",2,1
1547,groups,2,6
1548,water,2,2
1549,you‚Äôll,2,1
1550,one.,2,4
1551,nh,2,4
1552,"scranton,",2,1
1553,proudly,2,1
1554,donated,2,1
1555,watching.,2,3
1556,office.,2,3
1557,break.,2,1
1558,teachers,2,1
1559,conference,2,14
1560,however,2,1
1561,announce,2,5
1562,to.,2,1
1563,to:,2,1
1564,ceiling,2,1
1565,hearing,2,2
1566,primary,2,20
1567,day!,2,7
1568,"history,",2,2
1569,colorado.,2,4
1570,destroyed,2,4
1571,wednesday.,2,1
1572,ultimate,2,1
1573,criminals.,2,1
1574,@serenawilliams,2,1
1575,mistake,2,1
1576,leave.,2,1
1577,records.,2,1
1578,"change,",2,2
1579,ever.,2,1
1580,period.,2,1
1581,romney,2,16
1582,"smart,",2,2
1583,buy,2,1
1584,@billclinton,2,1
1585,vibrant,2,1
1586,üá∫üá∏,2,5
1587,weapon,2,1
1588,judgment,2,3
1589,reporting,2,6
1590,n‚Ä¶,2,1
1591,tremendous,2,17
1592,"done,",2,1
1593,thanks.,2,9
1594,fixed,2,1
1595,"""c""",2,1
1596,business.,2,5
1597,visited,2,3
1598,reached,2,1
1599,puppet,2,1
1600,philadelphia,2,1
1601,announces,2,2
1602,chief,2,2
1603,lines,2,4
1604,.@mike_pence,2,4
1605,"bernie,",2,5
1606,closing,2,2
1607,"president""",2,1
1608,train,2,1
1609,private,2,8
1610,35,2,1
1611,"safe,",2,1
1612,bernie,2,59
1613,mrs.,2,2
1614,either,2,2
1615,good.,2,4
1616,"good,",2,4
1617,absolutely,2,8
1618,google,2,1
1619,ptsd,2,1
1620,task,2,1
1621,forced,2,4
1622,fun,2,1
1623,tolerate,2,1
1624,politician,2,6
1625,election!,2,3
1626,throughout,2,4
1627,annual,2,1
1628,@hillaryclinton!,2,1
1629,@hillaryclinton:,2,1
1630,"again.""",2,2
1631,lifts,2,1
1632,gotten,2,5
1633,rates,2,1
1634,bully,2,1
1635,sad!,2,19
1636,wall.,2,2
1637,numbers,2,24
1638,town,2,11
1639,landed,2,6
1640,further,2,3
1641,video:,2,8
1642,pleased,2,1
1643,deadlines,2,3
1644,"out,",2,3
1645,smear,2,1
1646,department,2,1
1647,extended,2,1
1648,tour,2,2
1649,rating,2,3
1650,answering,2,3
1651,gotta,2,1
1652,19,2,1
1653,eyes,2,2
1654,corporations,2,1
1655,keith,2,1
1656,convention.,2,5
1657,earlier,2,1
1658,imperative,2,1
1659,kkk,2,2
1660,texas,2,11
1661,undermines,2,1
1662,destructive,2,1
1663,council,2,5
1664,"guy,",2,2
1665,quoting,2,1
1666,international,2,2
1667,running.,2,1
1668,else.,2,1
1669,proposals,2,1
1670,adviser,2,1
1671,praised,2,2
1672,manager,2,3
1673,describing,2,3
1674,failure,2,2
1675,lie.,2,7
1676,afternoon,2,6
1677,justices,2,2
1678,"leaders,",2,2
1679,employees,2,1
1680,prosperous,2,1
1681,so-called,2,3
1682,obama.,2,4
1683,explain,2,5
1684,judges,2,2
1685,ending,2,1
1686,voters.,2,1
1687,forgot,2,1
1688,third,2,8
1689,amazing,2,55
1690,recommend,2,2
1691,calm,2,1
1692,right:,2,4
1693,army,2,2
1694,credit,2,3
1695,met,2,8
1696,net,2,1
1697,dr.,2,2
1698,likely,2,1
1699,today!,2,14
1700,otherwise.,2,2
1701,sorry,2,5
1702,offensive,2,1
1703,eric,2,2
1704,"times,",2,2
1705,before.,2,3
1706,loss,2,3
1707,nato,2,4
1708,minds,2,1
1709,group,2,9
1710,legacy,2,2
1711,had.,2,1
1712,michigan,2,4
1713,achieve,2,1
1714,city.,2,3
1715,society.,2,1
1716,"time,",2,5
1717,|,2,5
1718,emails,2,11
1719,speech:,2,1
1720,weren't,2,2
1721,honor.,2,1
1722,michael,2,10
1723,facebook,2,5
1724,tweeted,2,2
1725,seeing,2,6
1726,delivered,2,3
1727,judgment.,2,3
1728,praying,2,4
1729,boy,2,3
1730,sanders,2,36
1731,empty,2,2
1732,missing,2,2
1733,secret.,2,1
1734,sacrifices,2,1
1735,failing,2,40
1736,"experience,",2,4
1737,again.‚Äù,2,1
1738,cheering,2,1
1739,turnout,2,2
1740,issue,2,4
1741,system.,2,4
1742,solving,2,1
1743,‚Äúmake,2,1
1744,rapists,2,1
1745,respected,2,3
1746,broke,2,5
1747,amount,2,2
1748,"street,",2,2
1749,"him,",2,2
1750,answer.,2,1
1751,"tomorrow,",2,1
1752,deadline,2,2
1753,coverage,2,4
1754,60%,2,2
1755,"guy.""",2,1
1756,low,2,7
1757,exciting,2,5
1758,treatment,2,1
1759,"actually,",2,2
1760,bias,2,1
1761,language,2,1
1762,hurts,2,2
1763,hurt.,2,2
1764,seen.,2,2
1765,#scotus,2,1
1766,begin,2,1
1767,anger,2,3
1768,officials,2,3
1769,impossible,2,5
1770,show.,2,4
1771,card,2,5
1772,obligation,2,1
1773,rebuilding,2,1
1774,space,2,1
1775,world's,2,3
1776,introduce,2,1
1777,iraq,2,9
1778,"future,",2,1
1779,productive,2,3
1780,pushed,2,4
1781,manufacturing,2,5
1782,compete,2,2
1783,interested,2,1
1784,physical,2,1
1785,pay.,2,2
1786,post,2,6
1787,loves,2,7
1788,hrc,2,4
1789,"run,",2,2
1790,deepest,2,2
1791,endorsement:,2,1
1792,texas.,2,5
1793,bloomberg,2,2
1794,innocent,2,2
1795,fan,2,3
1796,appreciate,2,8
1797,provide,2,2
1798,chooses,2,2
1799,hillary!,2,13
1800,secure,2,3
1801,party.,2,5
1802,oldest,2,1
1803,repeal,2,16
1804,"again""",2,1
1805,cleveland.,2,3
1806,convince,2,2
1807,"""couldn't",2,1
1808,donald's,2,1
1809,targeting,2,1
1810,schedule,2,1
1811,avoid,2,1
1812,amendment,2,5
1813,cruz,2,91
1814,paul,2,13
1815,1,2,9
1816,fully,2,1
1817,ball,2,1
1818,"of,",2,3
1819,scotus,2,1
1820,waste,2,7
1821,"congrats,",2,1
1822,nominee.,2,1
1823,lucky,2,1
1824,rising,2,3
1825,truth,2,4
1826,volunteers,2,3
1827,allow,2,9
1828,tied,2,2
1829,"china,",2,4
1830,results,2,9
1831,"u.s.,",2,3
1832,ohio.,2,8
1833,colorado,2,17
1834,@mike_pence,2,21
1835,admire,2,2
1836,"race,",2,4
1837,"politics,",2,4
1838,politics.,2,2
1839,presidency.,2,1
1840,failed,2,33
1841,tonight:,2,1
1842,"all,",2,1
1843,truth.,2,2
1844,paper,2,4
1845,refuse,2,2
1846,keeping,2,3
1847,action,2,3
1848,baton,2,4
1849,consider,2,2
1850,ad,2,20
1851,fundraising,2,2
1852,rebuild,2,1
1853,process.,2,3
1854,worried,2,2
1855,carolina,2,26
1856,bright,2,2
1857,knew,2,12
1858,"time.""",2,2
1859,sad,2,12
1860,2,2,14
1861,"november,",2,2
1862,investigation,2,2
1863,records,2,2
1864,divided,2,6
1865,allowed,2,12
1866,positive,2,4
1867,inside,2,5
1868,nov.,2,3
1869,presidential.,2,2
1870,"right,",2,1
1871,"""very",2,1
1872,money.,2,4
1873,hampshire.,2,2
1874,"ideas,",2,2
1875,bush,2,18
1876,"too.""",2,2
1877,project,2,2
1878,wins,2,6
1879,reward,2,1
1880,elections,2,2
1881,this?,1,3
1882,this!,1,2
1883,urged,1,1
1884,june,1,6
1885,past.,1,2
1886,book,1,6
1887,simple,1,2
1888,#tbt,1,1
1889,horrific.,1,1
1890,pres.,1,3
1891,excessive,1,1
1892,sanders.,1,3
1893,choices,1,1
1894,abandoned,1,1
1895,choice.,1,2
1896,"close,",1,1
1897,close.,1,2
1898,murder,1,1
1899,opening,1,5
1900,"chance,",1,1
1901,"many,",1,1
1902,true!,1,5
1903,"one,",1,2
1904,looked,1,1
1905,=,1,12
1906,linked,1,2
1907,reporters,1,3
1908,8!,1,1
1909,freedom.,1,1
1910,yesterday.,1,5
1911,"crowd,",1,5
1912,bye,1,1
1913,orange,1,2
1914,"bill,",1,2
1915,elie,1,1
1916,honestly,1,1
1917,light,1,2
1918,taco,1,1
1919,struggled,1,1
1920,nationwide,1,1
1921,proof,1,1
1922,priorities.,1,1
1923,freedoms,1,2
1924,usa,1,9
1925,choked,1,1
1926,app,1,1
1927,leaving,1,18
1928,mitt,1,19
1929,incidents,1,1
1930,deals,1,6
1931,"failed,",1,2
1932,"and,",1,1
1933,mainstream,1,1
1934,responders.,1,1
1935,back?,1,2
1936,meaning,1,1
1937,par,1,1
1938,obama's,1,11
1939,impressed,1,2
1940,payments,1,1
1941,innovation,1,2
1942,play,1,8
1943,interests.,1,2
1944,retired,1,2
1945,shootings,1,1
1946,"daughter,",1,2
1947,rid,1,5
1948,"supporters,",1,3
1949,supporters.,1,7
1950,income.,1,1
1951,due,1,6
1952,slots,1,1
1953,false.,1,2
1954,days!,1,1
1955,tha‚Ä¶,1,1
1956,opposition,1,2
1957,corruption,1,5
1958,numerous,1,2
1959,threats,1,1
1960,city:,1,1
1961,statements.,1,1
1962,intelligence,1,1
1963,betray,1,1
1964,night!,1,7
1965,reach,1,1
1966,risk?,1,1
1967,collar,1,1
1968,radical,1,18
1969,teach,1,1
1970,quick,1,6
1971,friday,1,9
1972,wondered,1,1
1973,expect,1,3
1974,level,1,1
1975,pray,1,2
1976,style,1,1
1977,@washingtonpost,1,5
1978,short,1,6
1979,"hall,",1,1
1980,v,1,1
1981,tough.,1,1
1982,"tough,",1,5
1983,basically,1,1
1984,2000.,1,1
1985,promoting,1,1
1986,debate?,1,1
1987,"always,",1,1
1988,devoted,1,1
1989,r‚Ä¶,1,1
1990,focus,1,4
1991,disgusting.,1,1
1992,"son,",1,3
1993,victory.,1,3
1994,gary,1,1
1995,provided,1,1
1996,tower,1,4
1997,woman!,1,2
1998,donations,1,2
1999,kennedy,1,1
2000,action.,1,2
2001,rosh,1,1
2002,announcement,1,3
2003,blow,1,3
2004,trip,1,2
2005,myself,1,2
2006,featuring,1,1
2007,"simple,",1,1
2008,6.,1,1
2009,contract,1,2
2010,25,1,1
2011,farmers,1,2
2012,encouraged,1,1
2013,bought,1,8
2014,regarding,1,6
2015,to‚Ä¶,1,7
2016,consideration.,1,1
2017,terrorism.,1,2
2018,"there,",1,4
2019,strength.,1,1
2020,donation,1,1
2021,marines,1,1
2022,accused,1,1
2023,million.,1,3
2024,"card,",1,1
2025,"says.""",1,1
2026,100%,1,10
2027,profit,1,1
2028,"candidate,",1,1
2029,debating,1,3
2030,term,1,5
2031,increase,1,13
2032,rubio,1,52
2033,counting,1,1
2034,figure,1,2
2035,"hours,",1,1
2036,"comments,",1,1
2037,tarmac,1,1
2038,colin,1,1
2039,group.,1,1
2040,brother,1,2
2041,hour,1,2
2042,"losses,",1,1
2043,coach,1,2
2044,longer,1,7
2045,stops,1,2
2046,setting,1,2
2047,nj,1,2
2048,questionable,1,1
2049,dinner,1,2
2050,@nra:,1,2
2051,op-ed,1,1
2052,savings,1,1
2053,deflect,1,1
2054,suggest,1,1
2055,room.,1,1
2056,search,1,1
2057,drugs,1,2
2058,"virginia,",1,2
2059,politically,1,2
2060,boss,1,2
2061,weak,1,27
2062,360,1,2
2063,pre-existing,1,1
2064,"budget,",1,2
2065,about.,1,1
2066,report,1,15
2067,despite,1,11
2068,shot.,1,1
2069,thoroughly,1,1
2070,hispanic,1,4
2071,behind.,1,2
2072,percentage,1,1
2073,tom,1,2
2074,restrict,1,1
2075,"too,",1,1
2076,onto,1,3
2077,go!,1,2
2078,arizona,1,12
2079,gov,1,3
2080,newly,1,1
2081,large,1,6
2082,@realdonaldtrump:,1,2
2083,lauer,1,1
2084,steelworkers,1,1
2085,#nato,1,1
2086,elizabeth,1,24
2087,both.,1,1
2088,experts,1,2
2089,arizona.,1,2
2090,"off,",1,1
2091,excellent,1,1
2092,"forum,",1,1
2093,forum,1,2
2094,"leader,",1,1
2095,leader.,1,1
2096,blue,1,2
2097,air,1,7
2098,lt.,1,1
2099,problems.,1,2
2100,risk,1,1
2101,carolina.,1,12
2102,8th,1,2
2103,news.,1,2
2104,news!,1,5
2105,hikes,1,1
2106,polls.,1,2
2107,"polls,",1,3
2108,deaths,1,2
2109,wise,1,1
2110,"children,",1,3
2111,children.,1,1
2112,children:,1,1
2113,1988,1,2
2114,"happen,",1,1
2115,"nieto,",1,1
2116,board.,1,1
2117,"oh,",1,3
2118,work!,1,5
2119,field,1,2
2120,abolish,1,2
2121,administration,1,7
2122,partner,1,1
2123,happened.,1,2
2124,plain,1,3
2125,welcoming,1,1
2126,home!,1,3
2127,munich.,1,1
2128,routine,1,1
2129,christie,1,2
2130,hall,1,8
2131,"saying,",1,2
2132,saying.,1,1
2133,unless,1,2
2134,"expected,",1,1
2135,w/,1,31
2136,embarrassed,1,6
2137,announced,1,10
2138,"protesters,",1,1
2139,matt,1,1
2140,airports,1,1
2141,industries,1,1
2142,wow.,1,2
2143,winner-,1,1
2144,dc,1,3
2145,out!,1,8
2146,blank.,1,1
2147,obvious,1,2
2148,community:,1,1
2149,tearing,1,1
2150,injured.,1,2
2151,"injured,",1,1
2152,scandal,1,3
2153,names,1,2
2154,rally.,1,13
2155,named,1,2
2156,31,1,1
2157,talent,1,2
2158,currently,1,2
2159,enjoyed,1,4
2160,chicago,1,5
2161,staffers,1,2
2162,"joe,",1,1
2163,golfer,1,1
2164,2004,1,1
2165,200k,1,1
2166,remembrance,1,2
2167,abusive,1,1
2168,plenty,1,1
2169,30%,1,1
2170,per,1,1
2171,scale,1,1
2172,follow.,1,2
2173,hated,1,1
2174,"lives,",1,1
2175,purpose,1,1
2176,yesterday,1,6
2177,italy,1,1
2178,"calls,",1,1
2179,"cleveland,",1,6
2180,solid,1,2
2181,dropping,1,1
2182,point,1,1
2183,leadership.,1,4
2184,"""not",1,2
2185,rosie,1,1
2186,fans,1,2
2187,visiting,1,1
2188,individual,1,1
2189,"tuesday,",1,2
2190,"california,",1,2
2191,order.,1,1
2192,meltdown,1,1
2193,youth,1,1
2194,park,1,1
2195,bullied,1,1
2196,@andersoncooper,1,4
2197,chris,1,5
2198,backed,1,3
2199,they'll,1,1
2200,acting,1,3
2201,"""go",1,1
2202,"also,",1,4
2203,disrespectful,1,1
2204,hurting,1,1
2205,29,1,1
2206,"""republican",1,1
2207,coal,1,7
2208,miners,1,1
2209,sacred,1,1
2210,acts,1,1
2211,putin‚Äôs,1,1
2212,abandon,1,2
2213,armed,1,1
2214,pathological,1,1
2215,mentions,1,1
2216,speeches,1,4
2217,wrecked,1,1
2218,perspective,1,1
2219,enjoying,1,2
2220,exclusive:,1,2
2221,cameras,1,2
2222,u,1,13
2223,driving,1,4
2224,"sick,",1,1
2225,saturday,1,11
2226,ou‚Ä¶,1,1
2227,"monday,",1,1
2228,monday.,1,1
2229,"us!""",1,1
2230,banks.,1,2
2231,"morning,",1,5
2232,seconds,1,1
2233,nose,1,1
2234,career.,1,1
2235,"wife,",1,6
2236,dept.,1,2
2237,cheryl,1,1
2238,cotton,1,1
2239,nevada:,1,3
2240,pat,1,1
2241,everyday,1,1
2242,investigating,1,1
2243,stacked,1,2
2244,sound,1,2
2245,400,1,1
2246,capable,1,1
2247,doing.,1,1
2248,"doing,",1,1
2249,honesty,1,1
2250,stupid,1,1
2251,"off.""",1,1
2252,awareness,1,1
2253,waited,1,1
2254,shop,1,1
2255,clinton:,1,2
2256,normal,1,1
2257,200,1,3
2258,shocked,1,1
2259,speakers,1,2
2260,14,1,2
2261,@govpencein,1,1
2262,"""we're",1,1
2263,while.,1,1
2264,california,1,3
2265,correct,1,6
2266,"or,",1,1
2267,rock,1,2
2268,shatter,1,1
2269,views,1,2
2270,within,1,3
2271,main,1,2
2272,months.,1,1
2273,wishing,1,1
2274,disclosure,1,1
2275,jail,1,1
2276,maybe,1,7
2277,outline,1,1
2278,"night.""",1,2
2279,growing,1,2
2280,reviews,1,7
2281,"michigan,",1,2
2282,fly,1,1
2283,effort,1,4
2284,sharing,1,2
2285,"fl,",1,3
2286,insider,1,1
2287,statewide,1,1
2288,bob,1,2
2289,wait,1,5
2290,"""would",1,1
2291,bombing,1,1
2292,pe√±a,1,1
2293,rep.,1,3
2294,#pence,1,2
2295,billionaire,1,1
2296,off.,1,2
2297,sabotage,1,1
2298,weekend,1,2
2299,aware,1,2
2300,agreeing,1,1
2301,trump/pence,1,1
2302,stage.,1,3
2303,"stage,",1,1
2304,knowingly,1,2
2305,negative,1,18
2306,article.,1,1
2307,a‚Ä¶,1,2
2308,dear,1,2
2309,dead,1,9
2310,"justice,",1,1
2311,"fact,",1,2
2312,fact.,1,2
2313,"crisis.""",1,1
2314,warmest,1,2
2315,gov.,1,6
2316,claims,1,4
2317,kid,1,1
2318,sat,1,1
2319,magnificent,1,3
2320,shame,1,2
2321,"over,",1,1
2322,dismiss,1,1
2323,basis,1,2
2324,"hope.""",1,1
2325,suggested,1,1
2326,"champions,",1,1
2327,first-ever,1,1
2328,"obama,",1,4
2329,weekend.,1,1
2330,endorse,1,5
2331,folks,1,1
2332,doj,1,1
2333,"trump?""",1,1
2334,obviously,1,2
2335,childcare,1,2
2336,all-time,1,2
2337,modern,1,2
2338,louder,1,1
2339,spoiler,1,2
2340,hook,1,1
2341,"iran,",1,1
2342,attempt,1,1
2343,caused,1,3
2344,root,1,2
2345,wars,1,1
2346,count.,1,1
2347,"right""",1,1
2348,"war,",1,2
2349,reagan,1,2
2350,+,1,2
2351,"convention,",1,1
2352,active,1,1
2353,drew,1,1
2354,wasn‚Äôt,1,1
2355,heading,1,17
2356,deplorable,1,1
2357,better!,1,3
2358,"eyes,",1,1
2359,news:,1,1
2360,strategy,1,4
2361,times.,1,2
2362,court.,1,2
2363,reaching,1,2
2364,"clean,",1,1
2365,"thugs,",1,1
2366,"usa""",1,1
2367,usa.,1,1
2368,immediately,1,5
2369,"curiel,",1,1
2370,mahoning,1,1
2371,vets,1,2
2372,restore,1,3
2373,energized,1,1
2374,will.,1,1
2375,"@mike_pence,",1,1
2376,jersey,1,1
2377,reminds,1,2
2378,@nra,1,2
2379,defense,1,3
2380,herself,1,4
2381,natural,1,3
2382,paved,1,1
2383,perfectly,1,1
2384,"city,",1,3
2385,mad,1,1
2386,hostile,1,4
2387,"nomination,",1,1
2388,delegates,1,14
2389,sandy,1,1
2390,mentioned,1,2
2391,healthcare,1,3
2392,"speech,",1,3
2393,far.,1,1
2394,"far,",1,2
2395,potus,1,4
2396,sample,1,1
2397,appointed,1,1
2398,econ,1,1
2399,1/2,1,3
2400,danger,1,2
2401,focused,1,1
2402,jump,1,3
2403,pretended,1,2
2404,b/c,1,4
2405,ordered,1,1
2406,"""you're",1,1
2407,alive,1,1
2408,heritage,1,5
2409,enduring,1,1
2410,silence,1,1
2411,"forget,",1,1
2412,"negative,",1,2
2413,parade,1,2
2414,senate.,1,3
2415,pillar,1,1
2416,"judgment,",1,1
2417,marco,1,38
2418,$,1,2
2419,"""like",1,1
2420,"dangerous,",1,1
2421,voter.,1,1
2422,"obama.""",1,1
2423,fraud.,1,2
2424,@mittromney,1,5
2425,threaten,1,1
2426,"york.""",1,1
2427,liked,1,4
2428,"interview,",1,1
2429,years?,1,2
2430,pocketed,1,1
2431,scotland,1,3
2432,democrats.,1,1
2433,center,1,7
2434,"serious,",1,1
2435,heritage.,1,1
2436,st.,1,6
2437,knocking,1,1
2438,"trust,",1,1
2439,optimism.,1,1
2440,heroin,1,2
2441,sarah,1,2
2442,@fallontonight,1,1
2443,trusts,1,1
2444,robert,1,6
2445,america?,1,1
2446,event,1,9
2447,beyond,1,2
2448,matthew.,1,1
2449,stopped,1,2
2450,hero.,1,1
2451,"hero,",1,1
2452,desperately,1,2
2453,groping,1,1
2454,guns.,1,1
2455,haven't,1,4
2456,fair.,1,1
2457,lacks,1,1
2458,pushes,1,1
2459,icymi:,1,1
2460,offended,1,1
2461,excuse,1,1
2462,toughness,1,1
2463,arena,1,2
2464,answers,1,1
2465,iran,1,5
2466,him),1,1
2467,"deals,",1,1
2468,miami.,1,1
2469,miami!,1,1
2470,#nevertrump,1,2
2471,i'll,1,5
2472,"akron,",1,3
2473,horror,1,1
2474,pledges,1,1
2475,hard-working,1,2
2476,poor,1,5
2477,moves,1,1
2478,moved,1,1
2479,native,1,11
2480,hire,1,1
2481,you!,1,107
2482,lou,1,2
2483,.@hillaryclinton's,1,2
2484,removing,1,1
2485,"indiana,",1,2
2486,underway,1,1
2487,bless,1,3
2488,twelve,1,1
2489,fortune,1,7
2490,touch,1,5
2491,pac,1,1
2492,media,1,78
2493,worry,1,1
2494,hoax.,1,2
2495,canceled,1,1
2496,commander,1,2
2497,absentee,1,2
2498,liberal,1,4
2499,epipens,1,1
2500,talented,1,4
2501,article,1,7
2502,"this.""",1,1
2503,friends:,1,2
2504,cannon,1,1
2505,teamed,1,1
2506,veteran,1,6
2507,slam,1,1
2508,pittsburgh,1,1
2509,silent,1,1
2510,size,1,1
2511,directly,1,2
2512,straight.,1,1
2513,flying,1,4
2514,breitbart,1,4
2515,amazing.,1,4
2516,avoided,1,1
2517,et,1,3
2518,significantly,1,1
2519,drop,1,10
2520,"100,000",1,1
2521,won.,1,1
2522,forms,1,1
2523,#debates2016,1,21
2524,typical,1,2
2525,"big,",1,4
2526,big.,1,2
2527,saudi,1,2
2528,slogan,1,1
2529,@msnbc,1,1
2530,sending,1,2
2531,safety.,1,1
2532,appear,1,1
2533,aggressively,1,1
2534,division,1,1
2535,battle,1,1
2536,o'clock,1,1
2537,brothers,1,1
2538,floridians,1,2
2539,york.,1,4
2540,@ncgop,1,2
2541,moore,1,1
2542,promises,1,1
2543,maximum,1,1
2544,"him.""",1,2
2545,"stories,",1,1
2546,recovery,1,1
2547,"country,",1,4
2548,virginia.,1,5
2549,virginia!,1,8
2550,photo,1,1
